policy_type,gender,total_claim_amount
Corporate Auto,F,433.738499147929
Corporate Auto,M,408.5824594805195
Personal Auto,F,452.9659286907407
Personal Auto,M,457.0101777798508
Special Auto,F,453.28016374285716
Special Auto,M,429.52794171875
